{
  "clientName": "Thomas Adam Anderson",
  "agentName": "John Smith",
  "subscriberCode": "100300",
  "address": null,
  "subscriber": null,
  "reportDate": "Friday April 18th 2014",
  "reportDateShort": "18/04/2014",
  "reportTime": "1:29pm",
  "identificationDocuments": [
    {
      "name": "Australian Drivers Licence",
      "shortName": "Drivers Licence",
      "images": ["drivers-licence.png"]
    },
    {
      "name": "Australian Passport",
      "shortName": "Passport",
      "images": ["passport.png"]
    }
  ],
  "additionalDocuments": [
    {
      "name": "Marriage Certificate",
      "shortName": "Marriage Certificate",
      "images": ["marriage-certificate.png"]
    }
  ],
  "clientPhoto": {
      "name": "Client Photo",
      "shortName": "Client Photo",
      "images": ["client-photo.png"]
  },
  "clientSignature": {
      "name": "Client Signature",
      "shortName": "Client Signature",
      "images": []
  },
  "responseId": null,
  "reportId": null,
  "qaNote": null,
  "agentDeclaration": null
}
